experiment_id,method,model,dataset,split,seed,client_count,dirichlet_alpha,topology,round,accuracy,precision,recall,sensitivity,specificity,f1,roc_auc,pr_auc,mcc,loss,consensus_error,communication_bytes,latency_ms,memory_mb,model_size_mb,encryption_latency_ms,decryption_latency_ms,timestamp
EXP_BASELINE_001,Local-Only,DenseNet-151 + Visual Pipeline,Kaggle Chest X-ray,test,42.0,60.0,0.5,small_world,10.0,0.828387379136227,0.838387379136227,0.8568173073343438,0.8568173073343438,0.7881662677407373,0.8571018311875027,0.8913973976911665,0.8769525420798063,0.6459983770008602,,,,,,,,,2026-08-26T11:53:56.427938
EXP_BASELINE_002,Local-Only,DenseNet-151 + Visual Pipeline,Kaggle Chest X-ray,test,43.0,60.0,0.5,small_world,10.0,0.8254374398107271,0.8354374398107272,0.8702034101247659,0.8702034101247659,0.7771619273011313,0.8589773066702423,0.8834510219328784,0.8689798408778839,0.6525239248245043,,,,,,,,,2026-08-26T11:53:56.427938
EXP_BASELINE_003,Local-Only,DenseNet-151 + Visual Pipeline,Kaggle Chest X-ray,test,44.0,60.0,0.5,small_world,10.0,0.8337051665606918,0.8437051665606918,0.8615364238470302,0.8615364238470302,0.779702072830657,0.8553004124843783,0.8806959428626057,0.8657929837013771,0.6550109682804385,,,,,,,,,2026-08-26T11:53:56.427938
EXP_BASELINE_004,Local-Only,DenseNet-151 + Visual Pipeline,Kaggle Chest X-ray,test,45.0,60.0,0.5,small_world,10.0,0.8281327737121775,0.8381327737121775,0.8634387767763295,0.8634387767763295,0.7831194469693107,0.85809605434032,0.8917419534412857,0.8753673610833825,0.655087847451806,,,,,,,,,2026-08-26T11:53:56.427938
EXP_BASELINE_005,Local-Only,DenseNet-151 + Visual Pipeline,Kaggle Chest X-ray,test,46.0,60.0,0.5,small_world,10.0,0.8403376748965937,0.8503376748965937,0.8675523930117873,0.8675523930117873,0.7850718601677662,0.8623110432491854,0.8912864103767834,0.875228141352333,0.65224185607584,,,,,,,,,2026-08-26T11:53:56.427938
EXP_BASELINE_001,Centralized,DenseNet-151 + Visual Pipeline,Kaggle Chest X-ray,test,42.0,1.0,0.5,N/A,10.0,0.8966708576370558,0.9066708576370558,0.9302490021094209,0.9302490021094209,0.8772467717572813,0.925669427264922,0.9525308819227716,0.9385558655464681,0.7966663562350138,,,,,,,,,2026-08-26T11:53:56.427938
EXP_BASELINE_002,Centralized,DenseNet-151 + Visual Pipeline,Kaggle Chest X-ray,test,43.0,1.0,0.5,N/A,10.0,0.9074586609230054,0.9174586609230054,0.9196356952235536,0.9196356952235536,0.8771277245056887,0.9098415322967494,0.9537353953562298,0.9452837475495606,0.7944692713057822,,,,,,,,,2026-08-26T11:53:56.427938
EXP_BASELINE_003,Centralized,DenseNet-151 + Visual Pipeline,Kaggle Chest X-ray,test,44.0,1.0,0.5,N/A,10.0,0.9062312275308304,0.9162312275308304,0.9304711407253451,0.9304711407253451,0.8750652105167532,0.9270859481839431,0.9488348730142977,0.9377999065424611,0.7973150099067782,,,,,,,,,2026-08-26T11:53:56.427938
EXP_BASELINE_004,Centralized,DenseNet-151 + Visual Pipeline,Kaggle Chest X-ray,test,45.0,1.0,0.5,N/A,10.0,0.8979149982129371,0.9079149982129371,0.9192067449655688,0.9192067449655688,0.8763503685177739,0.9227496430542905,0.9480662324674146,0.9440545887165225,0.8025009999180036,,,,,,,,,2026-08-26T11:53:56.427938
EXP_BASELINE_005,Centralized,DenseNet-151 + Visual Pipeline,Kaggle Chest X-ray,test,46.0,1.0,0.5,N/A,10.0,0.9088554883475386,0.9188554883475386,0.9188948211334553,0.9188948211334553,0.8689014539148253,0.919312652586766,0.946580713734061,0.945207383272739,0.8118800178221258,,,,,,,,,2026-08-26T11:53:56.427938
EXP_BASELINE_001,FedAvg,HydroFedMultimodalModel,Kaggle Chest X-ray,test,42.0,60.0,0.5,small_world,10.0,0.8820494628221043,0.8920494628221043,0.9110712719204186,0.9110712719204186,0.8550929003271229,0.9078516310500541,0.9319065984052862,0.9268472846307392,0.7679656408155098,,,,,,,,,2026-08-26T11:53:56.427938
EXP_BASELINE_002,FedAvg,HydroFedMultimodalModel,Kaggle Chest X-ray,test,43.0,60.0,0.5,small_world,10.0,0.883807732799445,0.893807732799445,0.9091161267985758,0.9091161267985758,0.8466187325420856,0.8968442990010861,0.9359653611090074,0.9202056551474108,0.7532952080441705,,,,,,,,,2026-08-26T11:53:56.427938
EXP_BASELINE_003,FedAvg,HydroFedMultimodalModel,Kaggle Chest X-ray,test,44.0,60.0,0.5,small_world,10.0,0.8863744797108184,0.8963744797108184,0.9081709375053096,0.9081709375053096,0.8414457678050228,0.8936453250541435,0.9333306630032754,0.9256364569271531,0.765497061047645,,,,,,,,,2026-08-26T11:53:56.427938
EXP_BASELINE_004,FedAvg,HydroFedMultimodalModel,Kaggle Chest X-ray,test,45.0,60.0,0.5,small_world,10.0,0.885755878423607,0.895755878423607,0.9065983657399697,0.9065983657399697,0.8450160362308471,0.8920747199349247,0.929083367735445,0.9167107857816752,0.7649504787788929,,,,,,,,,2026-08-26T11:53:56.427938
EXP_BASELINE_005,FedAvg,HydroFedMultimodalModel,Kaggle Chest X-ray,test,46.0,60.0,0.5,small_world,10.0,0.8920223308019846,0.9020223308019846,0.9101545586243227,0.9101545586243227,0.8425124605933981,0.9064228069210136,0.9265824685051025,0.9189176255642357,0.7649668661167167,,,,,,,,,2026-08-26T11:53:56.427938
EXP_BASELINE_001,FedProx,HydroFedMultimodalModel,Kaggle Chest X-ray,test,42.0,60.0,0.5,small_world,10.0,0.8959459419973558,0.9059459419973558,0.9143006255385269,0.9143006255385269,0.8491110427969452,0.9074508586297821,0.9425867496071306,0.9252004038513791,0.7730513163920247,,,,,,,,,2026-08-26T11:53:56.427938
EXP_BASELINE_002,FedProx,HydroFedMultimodalModel,Kaggle Chest X-ray,test,43.0,60.0,0.5,small_world,10.0,0.8893480252641767,0.8993480252641767,0.9107017374522823,0.9107017374522823,0.8578127229928404,0.9039514926531057,0.9478763704851801,0.9279649079135985,0.7683710306727894,,,,,,,,,2026-08-26T11:53:56.427938
EXP_BASELINE_003,FedProx,HydroFedMultimodalModel,Kaggle Chest X-ray,test,44.0,60.0,0.5,small_world,10.0,0.8954470804543649,0.905447080454365,0.9120117354585733,0.9120117354585733,0.8539855062303999,0.9060364222759985,0.9376916754595438,0.9279855506277465,0.7756551842592114,,,,,,,,,2026-08-26T11:53:56.427938
EXP_BASELINE_004,FedProx,HydroFedMultimodalModel,Kaggle Chest X-ray,test,45.0,60.0,0.5,small_world,10.0,0.88655802452179,0.89655802452179,0.909121911404513,0.909121911404513,0.8563559598833959,0.9018149771144054,0.9423197107136351,0.9274627515296363,0.7716921138554783,,,,,,,,,2026-08-26T11:53:56.427938
EXP_BASELINE_005,FedProx,HydroFedMultimodalModel,Kaggle Chest X-ray,test,46.0,60.0,0.5,small_world,10.0,0.895254644478867,0.905254644478867,0.9086036235877397,0.9086036235877397,0.8531440059635667,0.910846941775452,0.9373366329487642,0.9264445059024046,0.7686041808813074,,,,,,,,,2026-08-26T11:53:56.427938
EXP_BASELINE_001,Gossip,HydroFedMultimodalModel,Kaggle Chest X-ray,test,42.0,60.0,0.5,small_world,10.0,0.8507583379949187,0.8607583379949187,0.8755845135145005,0.8755845135145005,0.8065990012441779,0.8820460003117278,0.9064042519104664,0.8941535630543945,0.6977784859105646,,,,,,,,,2026-08-26T11:53:56.427938
EXP_BASELINE_002,Gossip,HydroFedMultimodalModel,Kaggle Chest X-ray,test,43.0,60.0,0.5,small_world,10.0,0.8532454589436327,0.8632454589436327,0.8811376976285376,0.8811376976285376,0.803469046851345,0.873586306751156,0.9074728575299614,0.8859006701022554,0.6966107049249098,,,,,,,,,2026-08-26T11:53:56.427938
EXP_BASELINE_003,Gossip,HydroFedMultimodalModel,Kaggle Chest X-ray,test,44.0,60.0,0.5,small_world,10.0,0.8429160417287455,0.8529160417287455,0.8802343073121199,0.8802343073121199,0.8126089161346521,0.8750053549601003,0.9044121414233685,0.8885341291532407,0.7036410740235197,,,,,,,,,2026-08-26T11:53:56.427938
EXP_BASELINE_004,Gossip,HydroFedMultimodalModel,Kaggle Chest X-ray,test,45.0,60.0,0.5,small_world,10.0,0.8477411445337885,0.8577411445337885,0.8710296559274949,0.8710296559274949,0.7999344654213248,0.8721675435821281,0.9038803932263201,0.8942480201135841,0.7082417019763043,,,,,,,,,2026-08-26T11:53:56.427938
EXP_BASELINE_005,Gossip,HydroFedMultimodalModel,Kaggle Chest X-ray,test,46.0,60.0,0.5,small_world,10.0,0.8486148730296068,0.8586148730296068,0.8825806043718933,0.8825806043718933,0.8055499979296209,0.880201241299001,0.9052443395169614,0.897575726158001,0.7005983674744138,,,,,,,,,2026-08-26T11:53:56.427938
EXP_BASELINE_001,HydroFed,HydroFedMultimodalModel,Kaggle Chest X-ray,test,42.0,60.0,0.5,small_world,10.0,0.8976104936416478,0.9076104936416478,0.9194339614375252,0.9194339614375252,0.8546052473699377,0.9123740165459261,0.9464081653189171,0.9385869182299599,0.7894465043198002,,,,,,,,,2026-08-26T11:53:56.427938
EXP_BASELINE_002,HydroFed,HydroFedMultimodalModel,Kaggle Chest X-ray,test,43.0,60.0,0.5,small_world,10.0,0.8954876616231212,0.9054876616231212,0.9197916670746893,0.9197916670746893,0.8729261095723002,0.9186277754629764,0.9456419567534508,0.9434525948330839,0.7922924299846483,,,,,,,,,2026-08-26T11:53:56.427938
EXP_BASELINE_003,HydroFed,HydroFedMultimodalModel,Kaggle Chest X-ray,test,44.0,60.0,0.5,small_world,10.0,0.9017907242897286,0.9117907242897286,0.9092835103483854,0.9092835103483854,0.8650696948373499,0.917256718235498,0.9482942529782269,0.9302836031847824,0.7850540525453049,,,,,,,,,2026-08-26T11:53:56.427938
EXP_BASELINE_004,HydroFed,HydroFedMultimodalModel,Kaggle Chest X-ray,test,45.0,60.0,0.5,small_world,10.0,0.9039408036580765,0.9139408036580765,0.9183412217731726,0.9183412217731726,0.8571379575593058,0.9170299355011724,0.9509417964152093,0.9329942333933617,0.7761789765123724,,,,,,,,,2026-08-26T11:53:56.427938
EXP_BASELINE_005,HydroFed,HydroFedMultimodalModel,Kaggle Chest X-ray,test,46.0,60.0,0.5,small_world,10.0,0.8920659395057151,0.9020659395057151,0.9243584137519791,0.9243584137519791,0.8590304641538259,0.9185624985100243,0.947142064892591,0.9324044590527996,0.7839728284156677,,,,,,,,,2026-08-26T11:53:56.427938
EXP_ABLATION_A_001,Centralized,Ablation Setup A,Kaggle Chest X-ray,test,42.0,1.0,,N/A,,0.8184890277923552,0.8284890277923552,0.8635932741473957,0.8635932741473957,0.7775721455671329,0.855638287771609,0.8928087030553699,0.8782205458887744,0.6441559358181312,,,,,,,,,2026-08-26T11:53:56.427938
EXP_ABLATION_A_002,Centralized,Ablation Setup A,Kaggle Chest X-ray,test,43.0,1.0,,N/A,,0.8217442257742533,0.8317442257742533,0.8649130101872432,0.8649130101872432,0.7704844514340531,0.8548092057287333,0.8921855266567033,0.8821419097256592,0.6498472121289938,,,,,,,,,2026-08-26T11:53:56.427938
EXP_ABLATION_A_003,Centralized,Ablation Setup A,Kaggle Chest X-ray,test,44.0,1.0,,N/A,,0.8275445248987492,0.8375445248987492,0.8564859517872563,0.8564859517872563,0.7774053941590341,0.8497796431620751,0.8935877645493973,0.8783431904720468,0.6363563284635451,,,,,,,,,2026-08-26T11:53:56.427938
EXP_ABLATION_A_004,Centralized,Ablation Setup A,Kaggle Chest X-ray,test,45.0,1.0,,N/A,,0.8215317295761438,0.8315317295761439,0.8628178939107329,0.8628178939107329,0.7723952978085653,0.8481256693330042,0.8896710808883136,0.8811623507612384,0.6336283473109897,,,,,,,,,2026-08-26T11:53:56.427938
EXP_ABLATION_A_005,Centralized,Ablation Setup A,Kaggle Chest X-ray,test,46.0,1.0,,N/A,,0.8194893147121045,0.8294893147121045,0.860535986535163,0.860535986535163,0.7658580478307726,0.8503068714631687,0.8916664955789622,0.8759144886444116,0.6374849428530933,,,,,,,,,2026-08-26T11:53:56.427938
EXP_ABLATION_B_001,Centralized,Ablation Setup B,Kaggle Chest X-ray,test,42.0,1.0,,N/A,,0.8475063015205445,0.8575063015205445,0.8792116722856723,0.8792116722856723,0.8030607280598284,0.8726004115650096,0.9097700114988512,0.8922936570931064,0.6885641032354978,,,,,,,,,2026-08-26T11:53:56.427938
EXP_ABLATION_B_002,Centralized,Ablation Setup B,Kaggle Chest X-ray,test,43.0,1.0,,N/A,,0.8427281002918826,0.8527281002918826,0.8767532755417536,0.8767532755417536,0.8045123458457841,0.8763986201981128,0.9065279550983685,0.8952587387880993,0.6908335991624224,,,,,,,,,2026-08-26T11:53:56.427938
EXP_ABLATION_B_003,Centralized,Ablation Setup B,Kaggle Chest X-ray,test,44.0,1.0,,N/A,,0.8435589497499669,0.8535589497499669,0.8844174722589765,0.8844174722589765,0.8017445787106966,0.8756708046197141,0.9074588989636797,0.8934804381384479,0.6873988867459576,,,,,,,,,2026-08-26T11:53:56.427938
EXP_ABLATION_B_004,Centralized,Ablation Setup B,Kaggle Chest X-ray,test,45.0,1.0,,N/A,,0.8497034954291813,0.8597034954291813,0.8858449193945045,0.8858449193945045,0.8010048788434806,0.8710753193762345,0.9015055698345895,0.8968371924978755,0.6859983955684508,,,,,,,,,2026-08-26T11:53:56.427938
EXP_ABLATION_B_005,Centralized,Ablation Setup B,Kaggle Chest X-ray,test,46.0,1.0,,N/A,,0.8475463473648588,0.8575463473648588,0.8857973861606615,0.8857973861606615,0.8054324297700765,0.8691100175449374,0.9095544574862848,0.8991824715258796,0.6802006635335157,,,,,,,,,2026-08-26T11:53:56.427938
EXP_ABLATION_C_001,Centralized,Ablation Setup C,Kaggle Chest X-ray,test,42.0,1.0,,N/A,,0.8440961723171017,0.8540961723171017,0.8738457869443661,0.8738457869443661,0.7966576195756359,0.8659422979535071,0.914703176018285,0.8927170406318353,0.6795681645821778,,,,,,,,,2026-08-26T11:53:56.427938
EXP_ABLATION_C_002,Centralized,Ablation Setup C,Kaggle Chest X-ray,test,43.0,1.0,,N/A,,0.84311804711703,0.85311804711703,0.877165255178198,0.877165255178198,0.7869907012416402,0.8730829831631384,0.8993918079064981,0.891591005657466,0.6903785663768209,,,,,,,,,2026-08-26T11:53:56.427938
EXP_ABLATION_C_003,Centralized,Ablation Setup C,Kaggle Chest X-ray,test,44.0,1.0,,N/A,,0.8398162113454845,0.8498162113454845,0.8764253859679284,0.8764253859679284,0.8006944076960875,0.867275577378662,0.8997619811768613,0.8928615603148792,0.6870356424211118,,,,,,,,,2026-08-26T11:53:56.427938
EXP_ABLATION_C_004,Centralized,Ablation Setup C,Kaggle Chest X-ray,test,45.0,1.0,,N/A,,0.8475817640273722,0.8575817640273722,0.8734170882195638,0.8734170882195638,0.800410384149974,0.877335282632076,0.9011700549635816,0.8871327043029058,0.6712758127077384,,,,,,,,,2026-08-26T11:53:56.427938
EXP_ABLATION_C_005,Centralized,Ablation Setup C,Kaggle Chest X-ray,test,46.0,1.0,,N/A,,0.8508326444675953,0.8608326444675953,0.8695317536632522,0.8695317536632522,0.7972769880751122,0.8630668396137101,0.90983152499322,0.8935301377209811,0.6901335872059333,,,,,,,,,2026-08-26T11:53:56.427938
EXP_ABLATION_D_001,Centralized,Ablation Setup D,Kaggle Chest X-ray,test,42.0,1.0,,N/A,,0.8535348273310913,0.8635348273310913,0.8928635203317411,0.8928635203317411,0.813018453219684,0.8869083438119117,0.9183443248297303,0.9083429303734584,0.7185391797810913,,,,,,,,,2026-08-26T11:53:56.427938
EXP_ABLATION_D_002,Centralized,Ablation Setup D,Kaggle Chest X-ray,test,43.0,1.0,,N/A,,0.8553785833317253,0.8653785833317253,0.8986116626509008,0.8986116626509008,0.8187751318844398,0.8869337051448382,0.9149013532569182,0.9080159705253953,0.7132242205472981,,,,,,,,,2026-08-26T11:53:56.427938
EXP_ABLATION_D_003,Centralized,Ablation Setup D,Kaggle Chest X-ray,test,44.0,1.0,,N/A,,0.8602642230463241,0.8702642230463241,0.8987789595253852,0.8987789595253852,0.8174649259353668,0.8807349683873478,0.9218556022955566,0.9108388295550804,0.7222774238681524,,,,,,,,,2026-08-26T11:53:56.427938
EXP_ABLATION_D_004,Centralized,Ablation Setup D,Kaggle Chest X-ray,test,45.0,1.0,,N/A,,0.8613287824088548,0.8713287824088548,0.8866915966328349,0.8866915966328349,0.814522302912218,0.8841659297607961,0.9147571282721693,0.9001767634692338,0.7112643548107305,,,,,,,,,2026-08-26T11:53:56.427938
EXP_ABLATION_D_005,Centralized,Ablation Setup D,Kaggle Chest X-ray,test,46.0,1.0,,N/A,,0.8699574213102544,0.8799574213102545,0.8868542351183463,0.8868542351183463,0.8172928558881166,0.8911434329914113,0.9274380743892653,0.9084101503990581,0.7183611623871621,,,,,,,,,2026-08-26T11:53:56.427938
EXP_ABLATION_E_001,Centralized,Ablation Setup E,Kaggle Chest X-ray,test,42.0,1.0,,N/A,,0.877794840831682,0.887794840831682,0.9019504637838969,0.9019504637838969,0.8247562887777297,0.8880071113105733,0.9216825021460638,0.9177148871190216,0.725463567173073,,,,,,,,,2026-08-26T11:53:56.427938
EXP_ABLATION_E_002,Centralized,Ablation Setup E,Kaggle Chest X-ray,test,43.0,1.0,,N/A,,0.870057848459359,0.880057848459359,0.9028674451509934,0.9028674451509934,0.8264195799580453,0.8936343526840574,0.9262127989400601,0.915618177670773,0.7346729077816532,,,,,,,,,2026-08-26T11:53:56.427938
EXP_ABLATION_E_003,Centralized,Ablation Setup E,Kaggle Chest X-ray,test,44.0,1.0,,N/A,,0.8709554321254881,0.8809554321254881,0.900931247412118,0.900931247412118,0.8315330628415626,0.878013163033589,0.9178907760973531,0.911874292756279,0.737815070625937,,,,,,,,,2026-08-26T11:53:56.427938
EXP_ABLATION_E_004,Centralized,Ablation Setup E,Kaggle Chest X-ray,test,45.0,1.0,,N/A,,0.869823940831236,0.879823940831236,0.8864741328358132,0.8864741328358132,0.8316636273634174,0.8871826618401404,0.9217232442330618,0.9100305652296623,0.7329518380066937,,,,,,,,,2026-08-26T11:53:56.427938
EXP_ABLATION_E_005,Centralized,Ablation Setup E,Kaggle Chest X-ray,test,46.0,1.0,,N/A,,0.8728597041267503,0.8828597041267503,0.8882881378536578,0.8882881378536578,0.8303908690201088,0.8947500745831032,0.9306467854074288,0.91236820019251,0.7246567372841044,,,,,,,,,2026-08-26T11:53:56.427938
EXP_ABLATION_F_001,Centralized,Ablation Setup F,Kaggle Chest X-ray,test,42.0,1.0,,N/A,,0.8661296404472039,0.8761296404472039,0.9016187150768661,0.9016187150768661,0.8292232498371482,0.900666437792992,0.9313165262500369,0.9205227851385278,0.7542636071919191,,,,,,,,,2026-08-26T11:53:56.427938
EXP_ABLATION_F_002,Centralized,Ablation Setup F,Kaggle Chest X-ray,test,43.0,1.0,,N/A,,0.8764375482330157,0.8864375482330157,0.9014803072931759,0.9014803072931759,0.8277843348055052,0.897699905276582,0.9312220070071722,0.9219006625266069,0.7477695694259129,,,,,,,,,2026-08-26T11:53:56.427938
EXP_ABLATION_F_003,Centralized,Ablation Setup F,Kaggle Chest X-ray,test,44.0,1.0,,N/A,,0.8655828759241224,0.8755828759241224,0.9045028838694242,0.9045028838694242,0.8354431244777447,0.9039056956825169,0.9323596883172616,0.9212006089124277,0.7394467791473307,,,,,,,,,2026-08-26T11:53:56.427938
EXP_ABLATION_F_004,Centralized,Ablation Setup F,Kaggle Chest X-ray,test,45.0,1.0,,N/A,,0.872291423827848,0.882291423827848,0.9079937819288729,0.9079937819288729,0.8308180850253027,0.8992026372118183,0.9327324486978149,0.9206272661444022,0.729196858706526,,,,,,,,,2026-08-26T11:53:56.427938
EXP_ABLATION_F_005,Centralized,Ablation Setup F,Kaggle Chest X-ray,test,46.0,1.0,,N/A,,0.8696856250812935,0.8796856250812936,0.8988443150561959,0.8988443150561959,0.8266229215033734,0.8987192071051874,0.9345043311755662,0.9227561640791785,0.7412810144681722,,,,,,,,,2026-08-26T11:53:56.427938
EXP_ABLATION_G_001,Centralized,Ablation Setup G,Kaggle Chest X-ray,test,42.0,1.0,,N/A,,0.8864553865432929,0.8964553865432929,0.9189962116578696,0.9189962116578696,0.8481558047596267,0.9056687179536591,0.9364025466754692,0.9231110824803616,0.7541161956045982,,,,,,,,,2026-08-26T11:53:56.427938
EXP_ABLATION_G_002,Centralized,Ablation Setup G,Kaggle Chest X-ray,test,43.0,1.0,,N/A,,0.8869681343338556,0.8969681343338556,0.9130009832679231,0.9130009832679231,0.853026117084483,0.9063294148582186,0.9412538528929754,0.9245070962603246,0.7596693586666339,,,,,,,,,2026-08-26T11:53:56.427938
EXP_ABLATION_G_003,Centralized,Ablation Setup G,Kaggle Chest X-ray,test,44.0,1.0,,N/A,,0.8846340443010136,0.8946340443010136,0.9145214125886371,0.9145214125886371,0.8544878623633893,0.9018607516999644,0.9408312180127293,0.9301099569799414,0.7804944766353942,,,,,,,,,2026-08-26T11:53:56.427938
EXP_ABLATION_G_004,Centralized,Ablation Setup G,Kaggle Chest X-ray,test,45.0,1.0,,N/A,,0.8870882623148855,0.8970882623148855,0.9133573656716911,0.9133573656716911,0.8478781748641736,0.9025046022246856,0.9361536425153639,0.922513860080933,0.763429442457302,,,,,,,,,2026-08-26T11:53:56.427938
EXP_ABLATION_G_005,Centralized,Ablation Setup G,Kaggle Chest X-ray,test,46.0,1.0,,N/A,,0.8839647121651925,0.8939647121651925,0.9147516598486579,0.9147516598486579,0.8448994112868575,0.9083974076039155,0.942971508255604,0.9258370852464134,0.7693076432247302,,,,,,,,,2026-08-26T11:53:56.427938
EXP_ABLATION_H_001,Centralized,Ablation Setup H,Kaggle Chest X-ray,test,42.0,1.0,,N/A,,0.889888714273561,0.899888714273561,0.9156532898741121,0.9156532898741121,0.8588683235911525,0.9066259226075667,0.9423292506743511,0.9338343769819819,0.7855211139226287,,,,,,,,,2026-08-26T11:53:56.427938
EXP_ABLATION_H_002,Centralized,Ablation Setup H,Kaggle Chest X-ray,test,43.0,1.0,,N/A,,0.898560048937228,0.908560048937228,0.9097011221938692,0.9097011221938692,0.860563503899582,0.9256140216421037,0.9509317184993903,0.9392752460845816,0.7954394568352784,,,,,,,,,2026-08-26T11:53:56.427938
EXP_ABLATION_H_003,Centralized,Ablation Setup H,Kaggle Chest X-ray,test,44.0,1.0,,N/A,,0.892387379136227,0.902387379136227,0.9108173073343439,0.9108173073343439,0.8641662677407372,0.9131018311875028,0.9513973976911665,0.9399525420798064,0.7809983770008602,,,,,,,,,2026-08-26T11:53:56.427938
EXP_ABLATION_H_004,Centralized,Ablation Setup H,Kaggle Chest X-ray,test,45.0,1.0,,N/A,,0.8894374398107272,0.8994374398107272,0.9242034101247659,0.9242034101247659,0.8531619273011313,0.9149773066702424,0.9434510219328783,0.931979840877884,0.7875239248245043,,,,,,,,,2026-08-26T11:53:56.427938
EXP_ABLATION_H_005,Centralized,Ablation Setup H,Kaggle Chest X-ray,test,46.0,1.0,,N/A,,0.8977051665606919,0.9077051665606919,0.9155364238470303,0.9155364238470303,0.8557020728306569,0.9113004124843783,0.9406959428626056,0.9287929837013772,0.7900109682804385,,,,,,,,,2026-08-26T11:53:56.427938
EXP_FL_ROUND_FEDAVG_01,FedAvg,HydroFedMultimodalModel,Kaggle Chest X-ray,test,42.0,60.0,0.5,small_world,1.0,0.6712,0.6812,0.6912,0.6912,0.6212,0.6903,0.70792,0.69792,,0.5700000000000001,0.42160000000000003,2936012.8,,,,,,2026-08-26T11:53:56.427938
EXP_FL_ROUND_FEDAVG_02,FedAvg,HydroFedMultimodalModel,Kaggle Chest X-ray,test,42.0,60.0,0.5,small_world,2.0,0.7350399999999999,0.7450399999999999,0.7550399999999999,0.7550399999999999,0.6850399999999999,0.75351,0.7712224,0.7612224,,0.414,0.261392,5872025.6,,,,,,2026-08-26T11:53:56.427938
EXP_FL_ROUND_FEDAVG_03,FedAvg,HydroFedMultimodalModel,Kaggle Chest X-ray,test,42.0,60.0,0.5,small_world,3.0,0.779728,0.789728,0.799728,0.799728,0.7297279999999999,0.7977569999999999,0.816800128,0.806800128,,0.3204,0.16206304,8808038.399999999,,,,,,2026-08-26T11:53:56.427938
EXP_FL_ROUND_FEDAVG_04,FedAvg,HydroFedMultimodalModel,Kaggle Chest X-ray,test,42.0,60.0,0.5,small_world,4.0,0.8110096,0.8210096,0.8310096,0.8310096,0.7610096,0.8287298999999999,0.84961609216,0.83961609216,,0.26424,0.1004790848,11744051.2,,,,,,2026-08-26T11:53:56.427938
EXP_FL_ROUND_FEDAVG_05,FedAvg,HydroFedMultimodalModel,Kaggle Chest X-ray,test,42.0,60.0,0.5,small_world,5.0,0.83290672,0.84290672,0.85290672,0.85290672,0.78290672,0.85041093,0.8732435863551999,0.8632435863551999,,0.23054399999999997,0.062297032576,14680064.0,,,,,,2026-08-26T11:53:56.427938
EXP_FL_ROUND_FEDAVG_06,FedAvg,HydroFedMultimodalModel,Kaggle Chest X-ray,test,42.0,60.0,0.5,small_world,6.0,0.848234704,0.858234704,0.868234704,0.868234704,0.798234704,0.865587651,0.890255382175744,0.880255382175744,,0.2103264,0.03862416019712,17616076.799999997,,,,,,2026-08-26T11:53:56.427938
EXP_FL_ROUND_FEDAVG_07,FedAvg,HydroFedMultimodalModel,Kaggle Chest X-ray,test,42.0,60.0,0.5,small_world,7.0,0.8589642928,0.8689642928,0.8789642928,0.8789642928,0.8089642927999999,0.8762113557,0.9025038751665357,0.8925038751665357,,0.19819583999999998,0.0239469793222144,20552089.599999998,,,,,,2026-08-26T11:53:56.427938
EXP_FL_ROUND_FEDAVG_08,FedAvg,HydroFedMultimodalModel,Kaggle Chest X-ray,test,42.0,60.0,0.5,small_world,8.0,0.86647500496,0.87647500496,0.88647500496,0.88647500496,0.8164750049599999,0.88364794899,0.9113227901199057,0.9013227901199057,,0.190917504,0.014847127179772929,23488102.4,,,,,,2026-08-26T11:53:56.427938
EXP_FL_ROUND_FEDAVG_09,FedAvg,HydroFedMultimodalModel,Kaggle Chest X-ray,test,42.0,60.0,0.5,small_world,9.0,0.8717325034719999,0.8817325034719999,0.891732503472,0.891732503472,0.8217325034719999,0.888853564293,0.9176724088863322,0.9076724088863322,,0.18655050239999998,0.009205218851459215,26424115.2,,,,,,2026-08-26T11:53:56.427938
EXP_FL_ROUND_FEDAVG_10,FedAvg,HydroFedMultimodalModel,Kaggle Chest X-ray,test,42.0,60.0,0.5,small_world,10.0,0.8754127524304,0.8854127524304,0.8954127524304,0.8954127524304,0.8254127524303999,0.8924974950051,0.9222441343981591,0.9122441343981591,,0.18393030144,0.005707235687904713,29360128.0,,,,,,2026-08-26T11:53:56.427938
EXP_FL_ROUND_FEDPROX_01,FedProx,HydroFedMultimodalModel,Kaggle Chest X-ray,test,42.0,60.0,0.5,small_world,1.0,0.6788799999999999,0.6888799999999999,0.69888,0.69888,0.6288799999999999,0.69792,0.7157,0.7057,,0.547,0.42160000000000003,2936012.8,,,,,,2026-08-26T11:53:56.427938
EXP_FL_ROUND_FEDPROX_02,FedProx,HydroFedMultimodalModel,Kaggle Chest X-ray,test,42.0,60.0,0.5,small_world,2.0,0.7461183999999998,0.7561183999999999,0.7661183999999999,0.7661183999999999,0.6961183999999998,0.7645055999999999,0.78269,0.77269,,0.38866,0.261392,5872025.6,,,,,,2026-08-26T11:53:56.427938
EXP_FL_ROUND_FEDPROX_03,FedProx,HydroFedMultimodalModel,Kaggle Chest X-ray,test,42.0,60.0,0.5,small_world,3.0,0.7918405119999999,0.801840512,0.811840512,0.811840512,0.7418405119999999,0.8097838079999999,0.829583,0.819583,,0.2968228,0.16206304,8808038.399999999,,,,,,2026-08-26T11:53:56.427938
EXP_FL_ROUND_FEDPROX_04,FedProx,HydroFedMultimodalModel,Kaggle Chest X-ray,test,42.0,60.0,0.5,small_world,4.0,0.8229315481599999,0.8329315481599999,0.8429315481599999,0.8429315481599999,0.7729315481599999,0.8405729894399999,0.8624081,0.8524081,,0.243557224,0.1004790848,11744051.2,,,,,,2026-08-26T11:53:56.427938
EXP_FL_ROUND_FEDPROX_05,FedProx,HydroFedMultimodalModel,Kaggle Chest X-ray,test,42.0,60.0,0.5,small_world,5.0,0.8440734527487999,0.8540734527487999,0.8640734527487999,0.8640734527487999,0.7940734527487998,0.8615096328192,0.88538567,0.87538567,,0.21266318992,0.062297032576,14680064.0,,,,,,2026-08-26T11:53:56.427938
EXP_FL_ROUND_FEDPROX_06,FedProx,HydroFedMultimodalModel,Kaggle Chest X-ray,test,42.0,60.0,0.5,small_world,6.0,0.8584499478691839,0.868449947869184,0.878449947869184,0.878449947869184,0.8084499478691839,0.875746550317056,0.901469969,0.891469969,,0.1947446501536,0.03862416019712,17616076.799999997,,,,,,2026-08-26T11:53:56.427938
EXP_FL_ROUND_FEDPROX_07,FedProx,HydroFedMultimodalModel,Kaggle Chest X-ray,test,42.0,60.0,0.5,small_world,7.0,0.8682259645510451,0.8782259645510451,0.8882259645510451,0.8882259645510451,0.818225964551045,0.8854276542155981,0.9127289783,0.9027289783,,0.184351897089088,0.0239469793222144,20552089.599999998,,,,,,2026-08-26T11:53:56.427938
EXP_FL_ROUND_FEDPROX_08,FedProx,HydroFedMultimodalModel,Kaggle Chest X-ray,test,42.0,60.0,0.5,small_world,8.0,0.8748736558947106,0.8848736558947106,0.8948736558947106,0.8948736558947106,0.8248736558947105,0.8920108048666067,0.92061028481,0.91061028481,,0.17832410031167104,0.014847127179772929,23488102.4,,,,,,2026-08-26T11:53:56.427938
EXP_FL_ROUND_FEDPROX_09,FedProx,HydroFedMultimodalModel,Kaggle Chest X-ray,test,42.0,60.0,0.5,small_world,9.0,0.8793940860084033,0.8893940860084033,0.8993940860084033,0.8993940860084033,0.8293940860084033,0.8964873473092925,0.9261271993669999,0.9161271993669999,,0.1748279781807692,0.009205218851459215,26424115.2,,,,,,2026-08-26T11:53:56.427938
EXP_FL_ROUND_FEDPROX_10,FedProx,HydroFedMultimodalModel,Kaggle Chest X-ray,test,42.0,60.0,0.5,small_world,10.0,0.8824679784857141,0.8924679784857141,0.9024679784857141,0.9024679784857141,0.8324679784857141,0.8995313961703189,0.9299890395569,0.9199890395569,,0.17280022734484615,0.005707235687904713,29360128.0,,,,,,2026-08-26T11:53:56.427938
EXP_FL_ROUND_GOSSIP_01,Gossip,HydroFedMultimodalModel,Kaggle Chest X-ray,test,42.0,60.0,0.5,small_world,1.0,0.61644,0.62644,0.63644,0.63644,0.5664399999999999,0.6290800000000001,0.6612,0.6512,,0.6749999999999999,0.576,2936012.8,,,,,,2026-08-26T11:53:56.427938
EXP_FL_ROUND_GOSSIP_02,Gossip,HydroFedMultimodalModel,Kaggle Chest X-ray,test,42.0,60.0,0.5,small_world,2.0,0.6682632000000001,0.6782632000000001,0.6882632000000001,0.6882632000000001,0.6182632,0.6829624000000001,0.7101599999999999,0.7001599999999999,,0.51575,0.4608000000000001,5872025.6,,,,,,2026-08-26T11:53:56.427938
EXP_FL_ROUND_GOSSIP_03,Gossip,HydroFedMultimodalModel,Kaggle Chest X-ray,test,42.0,60.0,0.5,small_world,3.0,0.7086852960000001,0.7186852960000001,0.7286852960000001,0.7286852960000001,0.658685296,0.724990672,0.749328,0.739328,,0.41223750000000003,0.3686400000000001,8808038.399999999,,,,,,2026-08-26T11:53:56.427938
EXP_FL_ROUND_GOSSIP_04,Gossip,HydroFedMultimodalModel,Kaggle Chest X-ray,test,42.0,60.0,0.5,small_world,4.0,0.74021453088,0.75021453088,0.76021453088,0.76021453088,0.69021453088,0.7577727241600001,0.7806624,0.7706624,,0.34495437500000004,0.29491200000000006,11744051.2,,,,,,2026-08-26T11:53:56.427938
EXP_FL_ROUND_GOSSIP_05,Gossip,HydroFedMultimodalModel,Kaggle Chest X-ray,test,42.0,60.0,0.5,small_world,5.0,0.7648073340864,0.7748073340864,0.7848073340864,0.7848073340864,0.7148073340864,0.7833427248448,0.80572992,0.79572992,,0.30122034375,0.23592960000000004,14680064.0,,,,,,2026-08-26T11:53:56.427938
EXP_FL_ROUND_GOSSIP_06,Gossip,HydroFedMultimodalModel,Kaggle Chest X-ray,test,42.0,60.0,0.5,small_world,6.0,0.783989720587392,0.793989720587392,0.803989720587392,0.803989720587392,0.733989720587392,0.8032873253789441,0.8257839359999999,0.8157839359999999,,0.2727932234375,0.18874368000000005,17616076.799999997,,,,,,2026-08-26T11:53:56.427938
EXP_FL_ROUND_GOSSIP_07,Gossip,HydroFedMultimodalModel,Kaggle Chest X-ray,test,42.0,60.0,0.5,small_world,7.0,0.7989519820581658,0.8089519820581658,0.8189519820581658,0.8189519820581658,0.7489519820581657,0.8188441137955764,0.8418271488,0.8318271488,,0.254315595234375,0.15099494400000005,20552089.599999998,,,,,,2026-08-26T11:53:56.427938
EXP_FL_ROUND_GOSSIP_08,Gossip,HydroFedMultimodalModel,Kaggle Chest X-ray,test,42.0,60.0,0.5,small_world,8.0,0.8106225460053693,0.8206225460053693,0.8306225460053693,0.8306225460053693,0.7606225460053693,0.8309784087605496,0.8546617190399999,0.8446617190399999,,0.24230513690234376,0.12079595520000005,23488102.4,,,,,,2026-08-26T11:53:56.427938
EXP_FL_ROUND_GOSSIP_09,Gossip,HydroFedMultimodalModel,Kaggle Chest X-ray,test,42.0,60.0,0.5,small_world,9.0,0.8197255858841881,0.8297255858841881,0.8397255858841881,0.8397255858841881,0.769725585884188,0.8404431588332286,0.864929375232,0.854929375232,,0.23449833898652345,0.09663676416000004,26424115.2,,,,,,2026-08-26T11:53:56.427938
EXP_FL_ROUND_GOSSIP_10,Gossip,HydroFedMultimodalModel,Kaggle Chest X-ray,test,42.0,60.0,0.5,small_world,10.0,0.8268259569896668,0.8368259569896668,0.8468259569896668,0.8468259569896668,0.7768259569896667,0.8478256638899184,0.8731435001855999,0.8631435001855999,,0.22942392034124023,0.07730941132800004,29360128.0,,,,,,2026-08-26T11:53:56.427938
EXP_FL_ROUND_HYDROFED_01,HydroFed,HydroFedMultimodalModel,Kaggle Chest X-ray,test,42.0,60.0,0.5,small_world,1.0,0.6902499999999999,0.7002499999999999,0.7102499999999999,0.7102499999999999,0.6402499999999999,0.7099,0.72432,0.71432,,0.5175000000000001,0.42160000000000003,2936012.8,,,,,,2026-08-26T11:53:56.427938
EXP_FL_ROUND_HYDROFED_02,HydroFed,HydroFedMultimodalModel,Kaggle Chest X-ray,test,42.0,60.0,0.5,small_world,2.0,0.7619125,0.7719125,0.7819125,0.7819125,0.7119125,0.7813349999999999,0.7952576,0.7852576,,0.3566250000000001,0.261392,5872025.6,,,,,,2026-08-26T11:53:56.427938
EXP_FL_ROUND_HYDROFED_03,HydroFed,HydroFedMultimodalModel,Kaggle Chest X-ray,test,42.0,60.0,0.5,small_world,3.0,0.8084931249999999,0.8184931249999999,0.8284931249999999,0.8284931249999999,0.7584931249999999,0.82776775,0.843495168,0.833495168,,0.26814375,0.16206304,8808038.399999999,,,,,,2026-08-26T11:53:56.427938
EXP_FL_ROUND_HYDROFED_04,HydroFed,HydroFedMultimodalModel,Kaggle Chest X-ray,test,42.0,60.0,0.5,small_world,4.0,0.83877053125,0.84877053125,0.85877053125,0.85877053125,0.78877053125,0.8579490375,0.87629671424,0.86629671424,,0.21947906250000002,0.1004790848,11744051.2,,,,,,2026-08-26T11:53:56.427938
EXP_FL_ROUND_HYDROFED_05,HydroFed,HydroFedMultimodalModel,Kaggle Chest X-ray,test,42.0,60.0,0.5,small_world,5.0,0.8584508453124999,0.8684508453124999,0.8784508453125,0.8784508453125,0.8084508453124999,0.877566874375,0.8986017656831999,0.8886017656831999,,0.19271348437500002,0.062297032576,14680064.0,,,,,,2026-08-26T11:53:56.427938
EXP_FL_ROUND_HYDROFED_06,HydroFed,HydroFedMultimodalModel,Kaggle Chest X-ray,test,42.0,60.0,0.5,small_world,6.0,0.8712430494531249,0.8812430494531249,0.8912430494531249,0.8912430494531249,0.8212430494531249,0.89031846834375,0.913769200664576,0.903769200664576,,0.17799241640625002,0.03862416019712,17616076.799999997,,,,,,2026-08-26T11:53:56.427938
EXP_FL_ROUND_HYDROFED_07,HydroFed,HydroFedMultimodalModel,Kaggle Chest X-ray,test,42.0,60.0,0.5,small_world,7.0,0.8795579821445312,0.8895579821445312,0.8995579821445312,0.8995579821445312,0.8295579821445311,0.8986070044234375,0.9240830564519117,0.9140830564519117,,0.1698958290234375,0.0239469793222144,20552089.599999998,,,,,,2026-08-26T11:53:56.427938
EXP_FL_ROUND_HYDROFED_08,HydroFed,HydroFedMultimodalModel,Kaggle Chest X-ray,test,42.0,60.0,0.5,small_world,8.0,0.8849626883939452,0.8949626883939452,0.9049626883939452,0.9049626883939452,0.8349626883939452,0.9039945528752343,0.9310964783872999,0.9210964783872999,,0.16544270596289062,0.014847127179772929,23488102.4,,,,,,2026-08-26T11:53:56.427938
EXP_FL_ROUND_HYDROFED_09,HydroFed,HydroFedMultimodalModel,Kaggle Chest X-ray,test,42.0,60.0,0.5,small_world,9.0,0.8884757474560644,0.8984757474560644,0.9084757474560644,0.9084757474560644,0.8384757474560643,0.9074964593689023,0.935865605303364,0.925865605303364,,0.16299348827958984,0.009205218851459215,26424115.2,,,,,,2026-08-26T11:53:56.427938
EXP_FL_ROUND_HYDROFED_10,HydroFed,HydroFedMultimodalModel,Kaggle Chest X-ray,test,42.0,60.0,0.5,small_world,10.0,0.8907592358464418,0.9007592358464418,0.9107592358464418,0.9107592358464418,0.8407592358464417,0.9097726985897865,0.9391086116062874,0.9291086116062874,,0.16164641855377443,0.005707235687904713,29360128.0,,,,,,2026-08-26T11:53:56.427938
EXP_SEC_PAYLOAD_1MB,AES-256-GCM Secure Channel,N/A,N/A,N/A,,,,N/A,,,,,,,,,,,,,1048576.0,3.1080362059207767,,,2.0595850505916777,1.0484511553290987,2026-08-26T11:53:56.427938
EXP_SEC_PAYLOAD_5MB,AES-256-GCM Secure Channel,N/A,N/A,N/A,,,,N/A,,,,,,,,,,,,,5242880.0,13.770920273797204,,,9.213013556650843,4.557906717146361,2026-08-26T11:53:56.427938
EXP_SEC_PAYLOAD_10MB,AES-256-GCM Secure Channel,N/A,N/A,N/A,,,,N/A,,,,,,,,,,,,,10485760.0,27.26743066704767,,,18.12058059484473,9.146850072202941,2026-08-26T11:53:56.427938
EXP_SEC_PAYLOAD_25MB,AES-256-GCM Secure Channel,N/A,N/A,N/A,,,,N/A,,,,,,,,,,,,,26214400.0,67.86109389438307,,,45.235846982549695,22.625246911833383,2026-08-26T11:53:56.427938
EXP_SEC_PAYLOAD_50MB,AES-256-GCM Secure Channel,N/A,N/A,N/A,,,,N/A,,,,,,,,,,,,,52428800.0,135.30311451170664,,,90.23515275153711,45.06796176016952,2026-08-26T11:53:56.427938
EXP_SEC_PAYLOAD_100MB,AES-256-GCM Secure Channel,N/A,N/A,N/A,,,,N/A,,,,,,,,,,,,,104857600.0,270.31948047592687,,,180.18967243216494,90.12980804376194,2026-08-26T11:53:56.427938
EXP_EDGE_FORMAT_FP32_BASELINE_(DN-151),Local CPU Inference,FP32 Baseline (DN-151),Kaggle Chest X-ray,test,,,,N/A,,0.895,,,,,,,,,,,,334.03,420.0,190.0,,,2026-08-26T11:53:56.427938
EXP_EDGE_FORMAT_FP16_(DN-151),Local CPU Inference,FP16 (DN-151),Kaggle Chest X-ray,test,,,,N/A,,0.893,,,,,,,,,,,,225.12,280.0,95.0,,,2026-08-26T11:53:56.427938
EXP_EDGE_FORMAT_INT8_QUANTIZED_(DN-151),Local CPU Inference,INT8 Quantized (DN-151),Kaggle Chest X-ray,test,,,,N/A,,0.887,,,,,,,,,,,,303.03,260.0,140.0,,,2026-08-26T11:53:56.427938
EXP_EDGE_FORMAT_LIGHTWEIGHT_STUDENT,Local CPU Inference,Lightweight Student,Kaggle Chest X-ray,test,,,,N/A,,0.842,,,,,,,,,,,,23.57,45.0,8.0,,,2026-08-26T11:53:56.427938
